{"Loss G": 2.7647600173950195, "Loss D": 0.23467963933944702, "Real Loss D": 0.07373940944671631, "Gene Loss D": 0.1609402298927307, "Augment": 0.0, "Rt": 0, "R1": 7.053102308418602e-05, "Path Length Regularization": 0.0001708159688860178, "Mean Path Length": 0.0011628642678260803, "Path Length": 0.013718393631279469, "_runtime": 60, "_timestamp": 1644130708, "_step": 25, "_wandb": {"runtime": 63}}